categoria,total_venta
Accesorios,1655.5555555555557
Movilidad,1838.8888888888887
Seguridad,1325.0
